{"0": 0.8154897446483896, "1": 0.5086837159029864, "2": 0.7523299255744241, "3": 0.2150208618162149, "4": 0.9674106516541778}