{"0": 0.5224249571220124, "1": 0.514793004765399, "2": 0.26611124277936393, "3": 0.05685670107331172}