{"0": 0.9745885120000571, "1": 0.6841229231590779, "2": 0.82728511478854, "3": 0.3700543908966669}